{
  "Z_increase": 0.21955204010009766,
  "best_Z": 0.2206001877784729,
  "best_iter": 360,
  "comparison_sheet": "/home/interns/Desktop/layer/identity_layers/outputs/stage_b_broad_400/runs/unet_conv_in/add_headphones/joe_biden_01/comparison_sheet.png",
  "final_Z": 0.22061681747436523,
  "final_combined_max_disp_px": 8.000000953674316,
  "final_combined_mean_disp_px": 6.791118621826172,
  "final_combined_p95_disp_px": 8.0,
  "final_edit_error": null,
  "final_foldover_fraction": 0.0010528564453125,
  "final_fraction_clamped_total": 0.0950920245398773,
  "final_input_l2": 0.28136971592903137,
  "final_input_mse": 0.07916891574859619,
  "final_input_psnr": 11.014453028640789,
  "final_input_ssim": 0.09113666415214539,
  "final_jacobian_det_min": -0.3664971590042114,
  "final_loss": -0.22061681747436523,
  "final_smoothness_tv": 0.10688541829586029,
  "final_total_grad_norm": 0.00122626835317863,
  "history_path": "/home/interns/Desktop/layer/identity_layers/outputs/stage_b_broad_400/runs/unet_conv_in/add_headphones/joe_biden_01/history.csv",
  "identity_id": "joe_biden",
  "image_id": "joe_biden_01",
  "image_path": "/home/interns/Desktop/layer/identity_layers/datasets/wikimedia_identity_probe/images/joe_biden/joe_biden_01.jpg",
  "initial_Z": 0.0010647773742675781,
  "iterations": 400,
  "layer_name": "unet.conv_in",
  "logged_final_Z": 0.22055906057357788,
  "output_l2": 0.27658745646476746,
  "output_mse": 0.07650062441825867,
  "output_psnr": 11.163350200058934,
  "output_ssim": 0.10678423941135406,
  "prompt": "add headphones",
  "run_dir": "/home/interns/Desktop/layer/identity_layers/outputs/stage_b_broad_400/runs/unet_conv_in/add_headphones/joe_biden_01",
  "seconds_elapsed": 63.337889878079295,
  "seed": 1234,
  "status": "done",
  "timestep_index": 6
}
