{
  "Z_increase": 0.011278867721557617,
  "best_Z": 0.013460099697113037,
  "best_iter": 395,
  "comparison_sheet": "/home/interns/Desktop/layer/identity_layers/outputs/stage_b_broad_400/runs/vae_image_latent/add_headphones/joe_biden_01/comparison_sheet.png",
  "final_Z": 0.01198512315750122,
  "final_combined_max_disp_px": 7.956930160522461,
  "final_combined_mean_disp_px": 3.5215392112731934,
  "final_combined_p95_disp_px": 6.940165042877197,
  "final_edit_error": null,
  "final_foldover_fraction": 0.0,
  "final_fraction_clamped_total": 0.003067484662576687,
  "final_input_l2": 0.13079558312892914,
  "final_input_mse": 0.017107484862208366,
  "final_input_psnr": 17.66813835622885,
  "final_input_ssim": 0.8164190649986267,
  "final_jacobian_det_min": 0.49408480525016785,
  "final_loss": -0.01198512315750122,
  "final_smoothness_tv": 0.05136409401893616,
  "final_total_grad_norm": 0.0017452953508007487,
  "history_path": "/home/interns/Desktop/layer/identity_layers/outputs/stage_b_broad_400/runs/vae_image_latent/add_headphones/joe_biden_01/history.csv",
  "identity_id": "joe_biden",
  "image_id": "joe_biden_01",
  "image_path": "/home/interns/Desktop/layer/identity_layers/datasets/wikimedia_identity_probe/images/joe_biden/joe_biden_01.jpg",
  "initial_Z": 0.0007062554359436035,
  "iterations": 400,
  "layer_name": "vae_image_latent",
  "logged_final_Z": 0.012115716934204102,
  "output_l2": 0.1431819349527359,
  "output_mse": 0.020501065999269485,
  "output_psnr": 16.882235562338078,
  "output_ssim": 0.8004559874534607,
  "prompt": "add headphones",
  "run_dir": "/home/interns/Desktop/layer/identity_layers/outputs/stage_b_broad_400/runs/vae_image_latent/add_headphones/joe_biden_01",
  "seconds_elapsed": 39.13331499695778,
  "seed": 1234,
  "status": "done",
  "timestep_index": 6
}
