{
  "Z_increase": -0.0006463527679443359,
  "best_Z": 0.0007866621017456055,
  "best_iter": 0,
  "best_valid_Z": 0.00014030933380126953,
  "best_valid_input_psnr": 50.64943962534044,
  "best_valid_input_ssim": 0.9999384880065918,
  "best_valid_iter": 10,
  "best_valid_max_disp_px": 0.4584830701351166,
  "best_valid_score": -0.0006463527679443359,
  "checkpoint_selection_enabled": true,
  "comparison_sheet": "/home/interns/Desktop/layer/identity_layers/outputs/stage_b_preservation_checkpoint_250/runs/unet_conv_in/add_black_sunglasses/kamala_harris_01/comparison_sheet.png",
  "final_Z": 0.00014030933380126953,
  "final_combined_max_disp_px": 0.4584830701351166,
  "final_combined_mean_disp_px": 0.10068996250629425,
  "final_combined_p95_disp_px": 0.2589104473590851,
  "final_edit_error": null,
  "final_foldover_fraction": 0.0,
  "final_fraction_clamped_total": 0.0,
  "final_input_l2": 0.0029344588983803988,
  "final_input_mse": 8.611048542661592e-06,
  "final_input_psnr": 50.64943962534044,
  "final_input_ssim": 0.9999384880065918,
  "final_jacobian_det_min": 0.9591555595397949,
  "final_loss": -0.00013169828525860794,
  "final_smoothness_tv": 0.0025161784142255783,
  "final_source": "best_valid_checkpoint",
  "final_total_grad_norm": 1.6061064876984945e-07,
  "history_path": "/home/interns/Desktop/layer/identity_layers/outputs/stage_b_preservation_checkpoint_250/runs/unet_conv_in/add_black_sunglasses/kamala_harris_01/history.csv",
  "identity_id": "kamala_harris",
  "image_id": "kamala_harris_01",
  "image_path": "/home/interns/Desktop/layer/identity_layers/datasets/wikimedia_identity_probe/images/kamala_harris/kamala_harris_01.jpg",
  "initial_Z": 0.0007866621017456055,
  "input_preservation_weight": 1.0,
  "iterations": 250,
  "layer_name": "unet.conv_in",
  "logged_final_Z": 5.960464477539062e-07,
  "output_l2": 0.006864704191684723,
  "output_mse": 4.712416193797253e-05,
  "output_psnr": 43.26756360265205,
  "output_ssim": 0.999699592590332,
  "prompt": "add black sunglasses",
  "run_dir": "/home/interns/Desktop/layer/identity_layers/outputs/stage_b_preservation_checkpoint_250/runs/unet_conv_in/add_black_sunglasses/kamala_harris_01",
  "seconds_elapsed": 40.56265920959413,
  "seed": 1234,
  "selected_checkpoint_input_psnr": 50.64943962534044,
  "selected_checkpoint_input_ssim": 0.9999384880065918,
  "selected_checkpoint_iter": 10,
  "selected_checkpoint_max_disp_px": 0.4584830701351166,
  "selected_checkpoint_score": -0.0006463527679443359,
  "status": "done",
  "timestep_index": 6
}
