{
  "Z_increase": -0.0005034208297729492,
  "best_Z": 0.0006208419799804688,
  "best_iter": 0,
  "best_valid_Z": 0.00011742115020751953,
  "best_valid_input_psnr": 47.310763764755876,
  "best_valid_input_ssim": 0.9998313188552856,
  "best_valid_iter": 10,
  "best_valid_max_disp_px": 0.3695683479309082,
  "best_valid_score": -0.0005034208297729492,
  "checkpoint_selection_enabled": true,
  "comparison_sheet": "/home/interns/Desktop/layer/identity_layers/outputs/stage_b_preservation_checkpoint_250/runs/unet_conv_in/add_headphones/barack_obama_01/comparison_sheet.png",
  "final_Z": 0.00011742115020751953,
  "final_combined_max_disp_px": 0.3695683479309082,
  "final_combined_mean_disp_px": 0.09702140837907791,
  "final_combined_p95_disp_px": 0.20997892320156097,
  "final_edit_error": null,
  "final_foldover_fraction": 0.0,
  "final_fraction_clamped_total": 0.0,
  "final_input_l2": 0.004309846553951502,
  "final_input_mse": 1.857477764133364e-05,
  "final_input_psnr": 47.310763764755876,
  "final_input_ssim": 0.9998313188552856,
  "final_jacobian_det_min": 0.9746620655059814,
  "final_loss": -9.884637256618589e-05,
  "final_smoothness_tv": 0.0024792617186903954,
  "final_source": "best_valid_checkpoint",
  "final_total_grad_norm": 3.3360860851701786e-07,
  "history_path": "/home/interns/Desktop/layer/identity_layers/outputs/stage_b_preservation_checkpoint_250/runs/unet_conv_in/add_headphones/barack_obama_01/history.csv",
  "identity_id": "barack_obama",
  "image_id": "barack_obama_01",
  "image_path": "/home/interns/Desktop/layer/identity_layers/datasets/wikimedia_identity_probe/images/barack_obama/barack_obama_01.jpg",
  "initial_Z": 0.0006208419799804688,
  "input_preservation_weight": 1.0,
  "iterations": 250,
  "layer_name": "unet.conv_in",
  "logged_final_Z": 3.5762786865234375e-07,
  "output_l2": 0.034161873161792755,
  "output_mse": 0.0011670335661619902,
  "output_psnr": 29.32916652618478,
  "output_ssim": 0.9907438158988953,
  "prompt": "add headphones",
  "run_dir": "/home/interns/Desktop/layer/identity_layers/outputs/stage_b_preservation_checkpoint_250/runs/unet_conv_in/add_headphones/barack_obama_01",
  "seconds_elapsed": 41.27747926302254,
  "seed": 1234,
  "selected_checkpoint_input_psnr": 47.310763764755876,
  "selected_checkpoint_input_ssim": 0.9998313188552856,
  "selected_checkpoint_iter": 10,
  "selected_checkpoint_max_disp_px": 0.3695683479309082,
  "selected_checkpoint_score": -0.0005034208297729492,
  "status": "done",
  "timestep_index": 6
}
