{
  "Z_increase": -0.0002963542938232422,
  "best_Z": 0.00040352344512939453,
  "best_iter": 0,
  "best_valid_Z": 0.00010716915130615234,
  "best_valid_input_psnr": 48.816949548445436,
  "best_valid_input_ssim": 0.9998799562454224,
  "best_valid_iter": 10,
  "best_valid_max_disp_px": 0.334572970867157,
  "best_valid_score": -0.0002963542938232422,
  "checkpoint_selection_enabled": true,
  "comparison_sheet": "/home/interns/Desktop/layer/identity_layers/outputs/stage_b_preservation_checkpoint_250/runs/unet_conv_in/add_headphones/joe_biden_01/comparison_sheet.png",
  "final_Z": 0.00010716915130615234,
  "final_combined_max_disp_px": 0.334572970867157,
  "final_combined_mean_disp_px": 0.10819251835346222,
  "final_combined_p95_disp_px": 0.22712944447994232,
  "final_edit_error": null,
  "final_foldover_fraction": 0.0,
  "final_fraction_clamped_total": 0.0,
  "final_input_l2": 0.0036237023305147886,
  "final_input_mse": 1.313121902057901e-05,
  "final_input_psnr": 48.816949548445436,
  "final_input_ssim": 0.9998799562454224,
  "final_jacobian_det_min": 0.9711744785308838,
  "final_loss": -9.403793228557333e-05,
  "final_smoothness_tv": 0.002650666981935501,
  "final_source": "best_valid_checkpoint",
  "final_total_grad_norm": 2.545974393554077e-07,
  "history_path": "/home/interns/Desktop/layer/identity_layers/outputs/stage_b_preservation_checkpoint_250/runs/unet_conv_in/add_headphones/joe_biden_01/history.csv",
  "identity_id": "joe_biden",
  "image_id": "joe_biden_01",
  "image_path": "/home/interns/Desktop/layer/identity_layers/datasets/wikimedia_identity_probe/images/joe_biden/joe_biden_01.jpg",
  "initial_Z": 0.00040352344512939453,
  "input_preservation_weight": 1.0,
  "iterations": 250,
  "layer_name": "unet.conv_in",
  "logged_final_Z": 5.960464477539062e-07,
  "output_l2": 0.014072111807763577,
  "output_mse": 0.00019802432507276535,
  "output_psnr": 37.032814582435314,
  "output_ssim": 0.9983059763908386,
  "prompt": "add headphones",
  "run_dir": "/home/interns/Desktop/layer/identity_layers/outputs/stage_b_preservation_checkpoint_250/runs/unet_conv_in/add_headphones/joe_biden_01",
  "seconds_elapsed": 41.418418388813734,
  "seed": 1234,
  "selected_checkpoint_input_psnr": 48.816949548445436,
  "selected_checkpoint_input_ssim": 0.9998799562454224,
  "selected_checkpoint_iter": 10,
  "selected_checkpoint_max_disp_px": 0.334572970867157,
  "selected_checkpoint_score": -0.0002963542938232422,
  "status": "done",
  "timestep_index": 6
}
